Roles	Engagement	Capability
POTUS	Attend Public State Event	134
POTUS	Attend Public State Event	135
POTUS	Attend Public State Event	137
POTUS	Attend Public State Event	146
POTUS	Attend Public State Event	6
POTUS	Attend Public State Event	10
POTUS	Attend Public State Event	15
POTUS	Attend Public State Event	21
POTUS	Attend Public State Event	25
POTUS	Attend Public State Event	26
POTUS	Attend Public State Event	27
POTUS	Attend Public State Event	41
POTUS	Attend Public State Event	53
POTUS	Attend Public State Event	58
POTUS	Attend Public State Event	59
POTUS	Attend Public State Event	84
POTUS	Attend Public State Event	85
POTUS	Attend Public State Event	97
POTUS	Attend Public State Event	123
POTUS	Attend State Dinner	127
POTUS	Attend State Dinner	135
POTUS	Attend State Dinner	137
POTUS	Attend State Dinner	138
POTUS	Attend State Dinner	140
POTUS	Attend State Dinner	141
POTUS	Attend State Dinner	144
POTUS	Attend State Dinner	146
POTUS	Attend State Dinner	150
POTUS	Attend State Dinner	156
POTUS	Attend State Dinner	6
POTUS	Attend State Dinner	10
POTUS	Attend State Dinner	12
POTUS	Attend State Dinner	13
POTUS	Attend State Dinner	15
POTUS	Attend State Dinner	20
POTUS	Attend State Dinner	21
POTUS	Attend State Dinner	24
POTUS	Attend State Dinner	23
POTUS	Attend State Dinner	25
POTUS	Attend State Dinner	26
POTUS	Attend State Dinner	27
POTUS	Attend State Dinner	49
POTUS	Attend State Dinner	53
POTUS	Attend State Dinner	58
POTUS	Attend State Dinner	59
POTUS	Attend State Dinner	84
POTUS	Attend State Dinner	85
POTUS	Attend State Dinner	95
POTUS	Attend State Dinner	96
POTUS	Attend State Dinner	97
POTUS	Attend State Dinner	101
POTUS	Attend State Dinner	114
POTUS	Attend State Dinner	115
POTUS	Attend State Dinner	120
POTUS	Attend State Dinner	123
POTUS	Attend State Dinner	124
POTUS	Be Interviewed on New Show	135
POTUS	Be Interviewed on New Show	138
POTUS	Be Interviewed on New Show	139
POTUS	Be Interviewed on New Show	141
POTUS	Be Interviewed on New Show	6
POTUS	Be Interviewed on New Show	10
POTUS	Be Interviewed on New Show	12
POTUS	Be Interviewed on New Show	13
POTUS	Be Interviewed on New Show	15
POTUS	Be Interviewed on New Show	20
POTUS	Be Interviewed on New Show	21
POTUS	Be Interviewed on New Show	24
POTUS	Be Interviewed on New Show	26
POTUS	Be Interviewed on New Show	27
POTUS	Be Interviewed on New Show	41
POTUS	Be Interviewed on New Show	47
POTUS	Be Interviewed on New Show	48
POTUS	Be Interviewed on New Show	49
POTUS	Be Interviewed on New Show	50
POTUS	Be Interviewed on New Show	56
POTUS	Be Interviewed on New Show	58
POTUS	Be Interviewed on New Show	59
POTUS	Be Interviewed on New Show	81
POTUS	Be Interviewed on New Show	84
POTUS	Be Interviewed on New Show	85
POTUS	Be Interviewed on New Show	88
POTUS	Be Interviewed on New Show	93
POTUS	Be Interviewed on New Show	96
POTUS	Be Interviewed on New Show	97
POTUS	Be Interviewed on New Show	101
POTUS	Be Interviewed on New Show	104
POTUS	Be Interviewed on New Show	114
POTUS	Be Interviewed on New Show	115
POTUS	Be Interviewed on New Show	123
POTUS	Be Interviewed on New Show	124
POTUS	Be Interviewed on Scripted Entertainment Show	135
POTUS	Be Interviewed on Scripted Entertainment Show	137
POTUS	Be Interviewed on Scripted Entertainment Show	138
POTUS	Be Interviewed on Scripted Entertainment Show	139
POTUS	Be Interviewed on Scripted Entertainment Show	141
POTUS	Be Interviewed on Scripted Entertainment Show	156
POTUS	Be Interviewed on Scripted Entertainment Show	6
POTUS	Be Interviewed on Scripted Entertainment Show	10
POTUS	Be Interviewed on Scripted Entertainment Show	12
POTUS	Be Interviewed on Scripted Entertainment Show	15
POTUS	Be Interviewed on Scripted Entertainment Show	20
POTUS	Be Interviewed on Scripted Entertainment Show	21
POTUS	Be Interviewed on Scripted Entertainment Show	24
POTUS	Be Interviewed on Scripted Entertainment Show	26
POTUS	Be Interviewed on Scripted Entertainment Show	27
POTUS	Be Interviewed on Scripted Entertainment Show	41
POTUS	Be Interviewed on Scripted Entertainment Show	45
POTUS	Be Interviewed on Scripted Entertainment Show	48
POTUS	Be Interviewed on Scripted Entertainment Show	50
POTUS	Be Interviewed on Scripted Entertainment Show	59
POTUS	Be Interviewed on Scripted Entertainment Show	84
POTUS	Be Interviewed on Scripted Entertainment Show	85
POTUS	Be Interviewed on Scripted Entertainment Show	88
POTUS	Be Interviewed on Scripted Entertainment Show	96
POTUS	Be Interviewed on Scripted Entertainment Show	97
POTUS	Be Interviewed on Scripted Entertainment Show	114
POTUS	Be Interviewed on Scripted Entertainment Show	115
POTUS	Be Interviewed on Scripted Entertainment Show	123
POTUS	Be Interviewed on Scripted Entertainment Show	124
POTUS	Bestow Honors at State Ceremonies	135
POTUS	Bestow Honors at State Ceremonies	137
POTUS	Bestow Honors at State Ceremonies	138
POTUS	Bestow Honors at State Ceremonies	139
POTUS	Bestow Honors at State Ceremonies	150
POTUS	Bestow Honors at State Ceremonies	10
POTUS	Bestow Honors at State Ceremonies	15
POTUS	Bestow Honors at State Ceremonies	25
POTUS	Bestow Honors at State Ceremonies	26
POTUS	Bestow Honors at State Ceremonies	27
POTUS	Bestow Honors at State Ceremonies	50
POTUS	Bestow Honors at State Ceremonies	59
POTUS	Bestow Honors at State Ceremonies	123
POTUS	Convene National Security Council	126
POTUS	Convene National Security Council	127
POTUS	Convene National Security Council	128
POTUS	Convene National Security Council	130
POTUS	Convene National Security Council	136
POTUS	Convene National Security Council	148
POTUS	Convene National Security Council	150
POTUS	Convene National Security Council	151
POTUS	Convene National Security Council	152
POTUS	Convene National Security Council	153
POTUS	Convene National Security Council	156
POTUS	Convene National Security Council	6
POTUS	Convene National Security Council	12
POTUS	Convene National Security Council	13
POTUS	Convene National Security Council	16
POTUS	Convene National Security Council	25
POTUS	Convene National Security Council	26
POTUS	Convene National Security Council	27
POTUS	Convene National Security Council	41
POTUS	Convene National Security Council	42
POTUS	Convene National Security Council	49
POTUS	Convene National Security Council	53
POTUS	Convene National Security Council	58
POTUS	Convene National Security Council	96
POTUS	Convene National Security Council	114
POTUS	Convene National Security Council	115
POTUS	Convene National Security Council	120
POTUS	Convene National Security Council	124
POTUS	Deliver Remarks About Policy or Legislation	125
POTUS	Deliver Remarks About Policy or Legislation	135
POTUS	Deliver Remarks About Policy or Legislation	138
POTUS	Deliver Remarks About Policy or Legislation	139
POTUS	Deliver Remarks About Policy or Legislation	141
POTUS	Deliver Remarks About Policy or Legislation	10
POTUS	Deliver Remarks About Policy or Legislation	15
POTUS	Deliver Remarks About Policy or Legislation	20
POTUS	Deliver Remarks About Policy or Legislation	21
POTUS	Deliver Remarks About Policy or Legislation	24
POTUS	Deliver Remarks About Policy or Legislation	26
POTUS	Deliver Remarks About Policy or Legislation	27
POTUS	Deliver Remarks About Policy or Legislation	44
POTUS	Deliver Remarks About Policy or Legislation	47
POTUS	Deliver Remarks About Policy or Legislation	48
POTUS	Deliver Remarks About Policy or Legislation	49
POTUS	Deliver Remarks About Policy or Legislation	50
POTUS	Deliver Remarks About Policy or Legislation	59
POTUS	Deliver Remarks About Policy or Legislation	84
POTUS	Deliver Remarks About Policy or Legislation	93
POTUS	Deliver Remarks About Policy or Legislation	96
POTUS	Deliver Remarks About Policy or Legislation	114
POTUS	Deliver Remarks About Policy or Legislation	115
POTUS	Deliver Remarks About Policy or Legislation	123
POTUS	Deliver Remarks About Policy or Legislation	124
POTUS	Deliver Remarks at a Campaign Event	135
POTUS	Deliver Remarks at a Campaign Event	137
POTUS	Deliver Remarks at a Campaign Event	138
POTUS	Deliver Remarks at a Campaign Event	139
POTUS	Deliver Remarks at a Campaign Event	141
POTUS	Deliver Remarks at a Campaign Event	10
POTUS	Deliver Remarks at a Campaign Event	15
POTUS	Deliver Remarks at a Campaign Event	21
POTUS	Deliver Remarks at a Campaign Event	24
POTUS	Deliver Remarks at a Campaign Event	25
POTUS	Deliver Remarks at a Campaign Event	26
POTUS	Deliver Remarks at a Campaign Event	27
POTUS	Deliver Remarks at a Campaign Event	41
POTUS	Deliver Remarks at a Campaign Event	44
POTUS	Deliver Remarks at a Campaign Event	47
POTUS	Deliver Remarks at a Campaign Event	48
POTUS	Deliver Remarks at a Campaign Event	49
POTUS	Deliver Remarks at a Campaign Event	50
POTUS	Deliver Remarks at a Campaign Event	59
POTUS	Deliver Remarks at a Campaign Event	81
POTUS	Deliver Remarks at a Campaign Event	82
POTUS	Deliver Remarks at a Campaign Event	83
POTUS	Deliver Remarks at a Campaign Event	84
POTUS	Deliver Remarks at a Campaign Event	85
POTUS	Deliver Remarks at a Campaign Event	93
POTUS	Deliver Remarks at a Campaign Event	97
POTUS	Deliver Remarks at a Campaign Event	104
POTUS	Deliver Remarks at a Campaign Event	123
POTUS	Deliver Remarks at a Campaign Event	124
POTUS	Deliver remarks at a conference	135
POTUS	Deliver remarks at a conference	136
POTUS	Deliver remarks at a conference	137
POTUS	Deliver remarks at a conference	138
POTUS	Deliver remarks at a conference	139
POTUS	Deliver remarks at a conference	141
POTUS	Deliver remarks at a conference	10
POTUS	Deliver remarks at a conference	15
POTUS	Deliver remarks at a conference	21
POTUS	Deliver remarks at a conference	24
POTUS	Deliver remarks at a conference	26
POTUS	Deliver remarks at a conference	56
POTUS	Deliver remarks at a conference	57
POTUS	Deliver remarks at a conference	59
POTUS	Deliver remarks at a conference	60
POTUS	Deliver remarks at a conference	8
POTUS	Deliver remarks at a conference	65
POTUS	Deliver remarks at a conference	84
POTUS	Deliver remarks at a conference	88
POTUS	Deliver remarks at a conference	91
POTUS	Deliver remarks at a conference	93
POTUS	Deliver remarks at a conference	104
POTUS	Deliver remarks at a press event	130
POTUS	Deliver remarks at a press event	135
POTUS	Deliver remarks at a press event	138
POTUS	Deliver remarks at a press event	139
POTUS	Deliver remarks at a press event	141
POTUS	Deliver remarks at a press event	149
POTUS	Deliver remarks at a press event	157
POTUS	Deliver remarks at a press event	6
POTUS	Deliver remarks at a press event	8
POTUS	Deliver remarks at a press event	10
POTUS	Deliver remarks at a press event	12
POTUS	Deliver remarks at a press event	13
POTUS	Deliver remarks at a press event	15
POTUS	Deliver remarks at a press event	20
POTUS	Deliver remarks at a press event	21
POTUS	Deliver remarks at a press event	24
POTUS	Deliver remarks at a press event	26
POTUS	Deliver remarks at a press event	41
POTUS	Deliver remarks at a press event	42
POTUS	Deliver remarks at a press event	43
POTUS	Deliver remarks at a press event	44
POTUS	Deliver remarks at a press event	45
POTUS	Deliver remarks at a press event	46
POTUS	Deliver remarks at a press event	48
POTUS	Deliver remarks at a press event	50
POTUS	Deliver remarks at a press event	52
POTUS	Deliver remarks at a press event	53
POTUS	Deliver remarks at a press event	58
POTUS	Deliver remarks at a press event	59
POTUS	Deliver remarks at a press event	81
POTUS	Deliver remarks at a press event	83
POTUS	Deliver remarks at a press event	84
POTUS	Deliver remarks at a press event	85
POTUS	Deliver remarks at a press event	88
POTUS	Deliver remarks at a press event	91
POTUS	Deliver remarks at a press event	93
POTUS	Deliver remarks at a press event	96
POTUS	Deliver remarks at a press event	101
POTUS	Deliver remarks at a press event	104
POTUS	Deliver remarks at a press event	114
POTUS	Deliver remarks at a press event	115
POTUS	Deliver Remarks at Convention	135
POTUS	Deliver Remarks at Convention	136
POTUS	Deliver Remarks at Convention	137
POTUS	Deliver Remarks at Convention	138
POTUS	Deliver Remarks at Convention	139
POTUS	Deliver Remarks at Convention	141
POTUS	Deliver Remarks at Convention	10
POTUS	Deliver Remarks at Convention	15
POTUS	Deliver Remarks at Convention	20
POTUS	Deliver Remarks at Convention	21
POTUS	Deliver Remarks at Convention	24
POTUS	Deliver Remarks at Convention	25
POTUS	Deliver Remarks at Convention	26
POTUS	Deliver Remarks at Convention	27
POTUS	Deliver Remarks at Convention	41
POTUS	Deliver Remarks at Convention	43
POTUS	Deliver Remarks at Convention	46
POTUS	Deliver Remarks at Convention	47
POTUS	Deliver Remarks at Convention	48
POTUS	Deliver Remarks at Convention	49
POTUS	Deliver Remarks at Convention	50
POTUS	Deliver Remarks at Convention	53
POTUS	Deliver Remarks at Convention	59
POTUS	Deliver Remarks at Convention	81
POTUS	Deliver Remarks at Convention	84
POTUS	Deliver Remarks at Convention	85
POTUS	Deliver Remarks at Convention	93
POTUS	Deliver Remarks at Convention	104
POTUS	Deliver Remarks at Convention	123
POTUS	Deliver Remarks at Convention	124
POTUS	Deliver Remarks at International Relations Event	135
POTUS	Deliver Remarks at International Relations Event	137
POTUS	Deliver Remarks at International Relations Event	138
POTUS	Deliver Remarks at International Relations Event	141
POTUS	Deliver Remarks at International Relations Event	144
POTUS	Deliver Remarks at International Relations Event	146
POTUS	Deliver Remarks at International Relations Event	150
POTUS	Deliver Remarks at International Relations Event	6
POTUS	Deliver Remarks at International Relations Event	10
POTUS	Deliver Remarks at International Relations Event	12
POTUS	Deliver Remarks at International Relations Event	15
POTUS	Deliver Remarks at International Relations Event	20
POTUS	Deliver Remarks at International Relations Event	21
POTUS	Deliver Remarks at International Relations Event	24
POTUS	Deliver Remarks at International Relations Event	25
POTUS	Deliver Remarks at International Relations Event	26
POTUS	Deliver Remarks at International Relations Event	27
POTUS	Deliver Remarks at International Relations Event	41
POTUS	Deliver Remarks at International Relations Event	50
POTUS	Deliver Remarks at International Relations Event	53
POTUS	Deliver Remarks at International Relations Event	58
POTUS	Deliver Remarks at International Relations Event	59
POTUS	Deliver Remarks at International Relations Event	84
POTUS	Deliver Remarks at International Relations Event	85
POTUS	Deliver Remarks at International Relations Event	93
POTUS	Deliver Remarks at International Relations Event	95
POTUS	Deliver Remarks at International Relations Event	96
POTUS	Deliver Remarks at International Relations Event	97
POTUS	Deliver Remarks at International Relations Event	101
POTUS	Deliver Remarks at International Relations Event	114
POTUS	Deliver Remarks at International Relations Event	115
POTUS	Deliver Remarks at International Relations Event	120
POTUS	Deliver Remarks at International Relations Event	123
POTUS	Deliver Remarks at International Relations Event	124
POTUS	Deliver Remarks at Reception	135
POTUS	Deliver Remarks at Reception	136
POTUS	Deliver Remarks at Reception	137
POTUS	Deliver Remarks at Reception	138
POTUS	Deliver Remarks at Reception	139
POTUS	Deliver Remarks at Reception	141
POTUS	Deliver Remarks at Reception	144
POTUS	Deliver Remarks at Reception	145
POTUS	Deliver Remarks at Reception	146
POTUS	Deliver Remarks at Reception	150
POTUS	Deliver Remarks at Reception	156
POTUS	Deliver Remarks at Reception	6
POTUS	Deliver Remarks at Reception	10
POTUS	Deliver Remarks at Reception	12
POTUS	Deliver Remarks at Reception	13
POTUS	Deliver Remarks at Reception	15
POTUS	Deliver Remarks at Reception	20
POTUS	Deliver Remarks at Reception	21
POTUS	Deliver Remarks at Reception	24
POTUS	Deliver Remarks at Reception	25
POTUS	Deliver Remarks at Reception	26
POTUS	Deliver Remarks at Reception	27
POTUS	Deliver Remarks at Reception	41
POTUS	Deliver Remarks at Reception	42
POTUS	Deliver Remarks at Reception	44
POTUS	Deliver Remarks at Reception	45
POTUS	Deliver Remarks at Reception	46
POTUS	Deliver Remarks at Reception	47
POTUS	Deliver Remarks at Reception	48
POTUS	Deliver Remarks at Reception	49
POTUS	Deliver Remarks at Reception	50
POTUS	Deliver Remarks at Reception	53
POTUS	Deliver Remarks at Reception	59
POTUS	Deliver Remarks at Reception	93
POTUS	Deliver Remarks at Reception	123
POTUS	Deliver Remarks at Reception	124
POTUS	Deliver remarks at televised event	135
POTUS	Deliver remarks at televised event	138
POTUS	Deliver remarks at televised event	139
POTUS	Deliver remarks at televised event	141
POTUS	Deliver remarks at televised event	8
POTUS	Deliver remarks at televised event	10
POTUS	Deliver remarks at televised event	15
POTUS	Deliver remarks at televised event	21
POTUS	Deliver remarks at televised event	24
POTUS	Deliver remarks at televised event	41
POTUS	Deliver remarks at televised event	50
POTUS	Deliver remarks at televised event	59
POTUS	Deliver remarks at televised event	60
POTUS	Deliver remarks at televised event	84
POTUS	Deliver remarks at televised event	88
POTUS	Deliver remarks at televised event	93
POTUS	Deliver remarks at televised event	104
POTUS	Deliver remarks at televised event	105
POTUS	Deliver remarks at televised event	114
POTUS	Deliver remarks at televised event	115
POTUS	Deliver Remarks to Military	134
POTUS	Deliver Remarks to Military	135
POTUS	Deliver Remarks to Military	136
POTUS	Deliver Remarks to Military	137
POTUS	Deliver Remarks to Military	138
POTUS	Deliver Remarks to Military	141
POTUS	Deliver Remarks to Military	143
POTUS	Deliver Remarks to Military	144
POTUS	Deliver Remarks to Military	145
POTUS	Deliver Remarks to Military	146
POTUS	Deliver Remarks to Military	10
POTUS	Deliver Remarks to Military	15
POTUS	Deliver Remarks to Military	19
POTUS	Deliver Remarks to Military	20
POTUS	Deliver Remarks to Military	21
POTUS	Deliver Remarks to Military	24
POTUS	Deliver Remarks to Military	25
POTUS	Deliver Remarks to Military	26
POTUS	Deliver Remarks to Military	27
POTUS	Deliver Remarks to Military	41
POTUS	Deliver Remarks to Military	50
POTUS	Deliver Remarks to Military	53
POTUS	Deliver Remarks to Military	59
POTUS	Deliver Remarks to Military	93
POTUS	Deliver Remarks to Military	96
POTUS	Deliver Remarks to Military	114
POTUS	Deliver Remarks to Military	115
POTUS	Deliver Remarks to Military	120
POTUS	Deliver Remarks to Military	123
POTUS	Deliver Remarks to Military	124
POTUS	Deliver Remarks to the United Nations	135
POTUS	Deliver Remarks to the United Nations	137
POTUS	Deliver Remarks to the United Nations	138
POTUS	Deliver Remarks to the United Nations	141
POTUS	Deliver Remarks to the United Nations	144
POTUS	Deliver Remarks to the United Nations	146
POTUS	Deliver Remarks to the United Nations	6
POTUS	Deliver Remarks to the United Nations	10
POTUS	Deliver Remarks to the United Nations	12
POTUS	Deliver Remarks to the United Nations	13
POTUS	Deliver Remarks to the United Nations	15
POTUS	Deliver Remarks to the United Nations	16
POTUS	Deliver Remarks to the United Nations	20
POTUS	Deliver Remarks to the United Nations	21
POTUS	Deliver Remarks to the United Nations	24
POTUS	Deliver Remarks to the United Nations	25
POTUS	Deliver Remarks to the United Nations	26
POTUS	Deliver Remarks to the United Nations	27
POTUS	Deliver Remarks to the United Nations	41
POTUS	Deliver Remarks to the United Nations	49
POTUS	Deliver Remarks to the United Nations	50
POTUS	Deliver Remarks to the United Nations	53
POTUS	Deliver Remarks to the United Nations	58
POTUS	Deliver Remarks to the United Nations	59
POTUS	Deliver Remarks to the United Nations	84
POTUS	Deliver Remarks to the United Nations	85
POTUS	Deliver Remarks to the United Nations	93
POTUS	Deliver Remarks to the United Nations	95
POTUS	Deliver Remarks to the United Nations	96
POTUS	Deliver Remarks to the United Nations	97
POTUS	Deliver Remarks to the United Nations	101
POTUS	Deliver Remarks to the United Nations	114
POTUS	Deliver Remarks to the United Nations	115
POTUS	Deliver Remarks to the United Nations	120
POTUS	Deliver Remarks to the United Nations	123
POTUS	Deliver Remarks to the United Nations	124
POTUS	Deliver state-of-the-union address	135
POTUS	Deliver state-of-the-union address	136
POTUS	Deliver state-of-the-union address	138
POTUS	Deliver state-of-the-union address	139
POTUS	Deliver state-of-the-union address	141
POTUS	Deliver state-of-the-union address	144
POTUS	Deliver state-of-the-union address	145
POTUS	Deliver state-of-the-union address	152
POTUS	Deliver state-of-the-union address	154
POTUS	Deliver state-of-the-union address	10
POTUS	Deliver state-of-the-union address	21
POTUS	Deliver state-of-the-union address	24
POTUS	Deliver state-of-the-union address	26
POTUS	Deliver state-of-the-union address	41
POTUS	Deliver state-of-the-union address	50
POTUS	Deliver state-of-the-union address	56
POTUS	Deliver state-of-the-union address	59
POTUS	Deliver state-of-the-union address	60
POTUS	Deliver state-of-the-union address	65
POTUS	Deliver state-of-the-union address	69
POTUS	Deliver state-of-the-union address	81
POTUS	Deliver state-of-the-union address	83
POTUS	Deliver state-of-the-union address	84
POTUS	Deliver state-of-the-union address	93
POTUS	Deliver state-of-the-union address	96
POTUS	Deliver state-of-the-union address	97
POTUS	Deliver state-of-the-union address	98
POTUS	Deliver state-of-the-union address	101
POTUS	Deliver state-of-the-union address	104
POTUS	Deliver state-of-the-union address	107
POTUS	Deliver state-of-the-union address	108
POTUS	Deliver state-of-the-union address	110
POTUS	Deliver state-of-the-union address	114
POTUS	Deliver state-of-the-union address		115
POTUS	Discuss Urgent Issues Over the Phone with Heads of State	127
POTUS	Discuss Urgent Issues Over the Phone with Heads of State	135
POTUS	Discuss Urgent Issues Over the Phone with Heads of State	136
POTUS	Discuss Urgent Issues Over the Phone with Heads of State	137
POTUS	Discuss Urgent Issues Over the Phone with Heads of State	138
POTUS	Discuss Urgent Issues Over the Phone with Heads of State	140
POTUS	Discuss Urgent Issues Over the Phone with Heads of State	141
POTUS	Discuss Urgent Issues Over the Phone with Heads of State	146
POTUS	Discuss Urgent Issues Over the Phone with Heads of State	148
POTUS	Discuss Urgent Issues Over the Phone with Heads of State	149
POTUS	Discuss Urgent Issues Over the Phone with Heads of State	150
POTUS	Discuss Urgent Issues Over the Phone with Heads of State	151
POTUS	Discuss Urgent Issues Over the Phone with Heads of State	152
POTUS	Discuss Urgent Issues Over the Phone with Heads of State	153
POTUS	Discuss Urgent Issues Over the Phone with Heads of State	154
POTUS	Discuss Urgent Issues Over the Phone with Heads of State	156
POTUS	Discuss Urgent Issues Over the Phone with Heads of State	6
POTUS	Discuss Urgent Issues Over the Phone with Heads of State	10
POTUS	Discuss Urgent Issues Over the Phone with Heads of State	12
POTUS	Discuss Urgent Issues Over the Phone with Heads of State	13
POTUS	Discuss Urgent Issues Over the Phone with Heads of State	15
POTUS	Discuss Urgent Issues Over the Phone with Heads of State	16
POTUS	Discuss Urgent Issues Over the Phone with Heads of State	20
POTUS	Discuss Urgent Issues Over the Phone with Heads of State	21
POTUS	Discuss Urgent Issues Over the Phone with Heads of State	23
POTUS	Discuss Urgent Issues Over the Phone with Heads of State	24
POTUS	Discuss Urgent Issues Over the Phone with Heads of State	25
POTUS	Discuss Urgent Issues Over the Phone with Heads of State	26
POTUS	Discuss Urgent Issues Over the Phone with Heads of State	27
POTUS	Discuss Urgent Issues Over the Phone with Heads of State	41
POTUS	Discuss Urgent Issues Over the Phone with Heads of State	43
POTUS	Discuss Urgent Issues Over the Phone with Heads of State	45
POTUS	Discuss Urgent Issues Over the Phone with Heads of State	46
POTUS	Discuss Urgent Issues Over the Phone with Heads of State	48
POTUS	Discuss Urgent Issues Over the Phone with Heads of State	49
POTUS	Discuss Urgent Issues Over the Phone with Heads of State	50
POTUS	Discuss Urgent Issues Over the Phone with Heads of State	51
POTUS	Discuss Urgent Issues Over the Phone with Heads of State	53
POTUS	Discuss Urgent Issues Over the Phone with Heads of State	58
POTUS	Discuss Urgent Issues Over the Phone with Heads of State	59
POTUS	Discuss Urgent Issues Over the Phone with Heads of State	81
POTUS	Discuss Urgent Issues Over the Phone with Heads of State	84
POTUS	Discuss Urgent Issues Over the Phone with Heads of State	85
POTUS	Discuss Urgent Issues Over the Phone with Heads of State	95
POTUS	Discuss Urgent Issues Over the Phone with Heads of State	96
POTUS	Discuss Urgent Issues Over the Phone with Heads of State	97
POTUS	Discuss Urgent Issues Over the Phone with Heads of State	101
POTUS	Discuss Urgent Issues Over the Phone with Heads of State	114
POTUS	Discuss Urgent Issues Over the Phone with Heads of State	115
POTUS	Discuss Urgent Issues Over the Phone with Heads of State	120
POTUS	Discuss Urgent Issues Over the Phone with Heads of State	123
POTUS	Discuss Urgent Issues Over the Phone with Heads of State	124
POTUS	Discuss Urgent Issues Over the Phone with Heads of State	125
POTUS	Hold Bi-Lateral Meeting with State Dignitaries	127
POTUS	Hold Bi-Lateral Meeting with State Dignitaries	135
POTUS	Hold Bi-Lateral Meeting with State Dignitaries	136
POTUS	Hold Bi-Lateral Meeting with State Dignitaries	137
POTUS	Hold Bi-Lateral Meeting with State Dignitaries	138
POTUS	Hold Bi-Lateral Meeting with State Dignitaries	140
POTUS	Hold Bi-Lateral Meeting with State Dignitaries	141
POTUS	Hold Bi-Lateral Meeting with State Dignitaries	144
POTUS	Hold Bi-Lateral Meeting with State Dignitaries	146
POTUS	Hold Bi-Lateral Meeting with State Dignitaries	148
POTUS	Hold Bi-Lateral Meeting with State Dignitaries	149
POTUS	Hold Bi-Lateral Meeting with State Dignitaries	150
POTUS	Hold Bi-Lateral Meeting with State Dignitaries	151
POTUS	Hold Bi-Lateral Meeting with State Dignitaries	152
POTUS	Hold Bi-Lateral Meeting with State Dignitaries	153
POTUS	Hold Bi-Lateral Meeting with State Dignitaries	154
POTUS	Hold Bi-Lateral Meeting with State Dignitaries	156
POTUS	Hold Bi-Lateral Meeting with State Dignitaries	6
POTUS	Hold Bi-Lateral Meeting with State Dignitaries	10
POTUS	Hold Bi-Lateral Meeting with State Dignitaries	12
POTUS	Hold Bi-Lateral Meeting with State Dignitaries	13
POTUS	Hold Bi-Lateral Meeting with State Dignitaries	15
POTUS	Hold Bi-Lateral Meeting with State Dignitaries	16
POTUS	Hold Bi-Lateral Meeting with State Dignitaries	20
POTUS	Hold Bi-Lateral Meeting with State Dignitaries	21
POTUS	Hold Bi-Lateral Meeting with State Dignitaries	23
POTUS	Hold Bi-Lateral Meeting with State Dignitaries	24
POTUS	Hold Bi-Lateral Meeting with State Dignitaries	25
POTUS	Hold Bi-Lateral Meeting with State Dignitaries	26
POTUS	Hold Bi-Lateral Meeting with State Dignitaries	27
POTUS	Hold Bi-Lateral Meeting with State Dignitaries	41
POTUS	Hold Bi-Lateral Meeting with State Dignitaries	48
POTUS	Hold Bi-Lateral Meeting with State Dignitaries	49
POTUS	Hold Bi-Lateral Meeting with State Dignitaries	50
POTUS	Hold Bi-Lateral Meeting with State Dignitaries	51
POTUS	Hold Bi-Lateral Meeting with State Dignitaries	52
POTUS	Hold Bi-Lateral Meeting with State Dignitaries	53
POTUS	Hold Bi-Lateral Meeting with State Dignitaries	58
POTUS	Hold Bi-Lateral Meeting with State Dignitaries	59
POTUS	Hold Bi-Lateral Meeting with State Dignitaries	84
POTUS	Hold Bi-Lateral Meeting with State Dignitaries	85
POTUS	Hold Bi-Lateral Meeting with State Dignitaries	95
POTUS	Hold Bi-Lateral Meeting with State Dignitaries	96
POTUS	Hold Bi-Lateral Meeting with State Dignitaries	97
POTUS	Hold Bi-Lateral Meeting with State Dignitaries	101
POTUS	Hold Bi-Lateral Meeting with State Dignitaries	114
POTUS	Hold Bi-Lateral Meeting with State Dignitaries	115
POTUS	Hold Bi-Lateral Meeting with State Dignitaries	120
POTUS	Hold Bi-Lateral Meeting with State Dignitaries	123
POTUS	Hold Bi-Lateral Meeting with State Dignitaries	124
POTUS	Hold Joint Press Conference with Dignitaries	135
POTUS	Hold Joint Press Conference with Dignitaries	137
POTUS	Hold Joint Press Conference with Dignitaries	138
POTUS	Hold Joint Press Conference with Dignitaries	139
POTUS	Hold Joint Press Conference with Dignitaries	141
POTUS	Hold Joint Press Conference with Dignitaries	10
POTUS	Hold Joint Press Conference with Dignitaries	15
POTUS	Hold Joint Press Conference with Dignitaries	20
POTUS	Hold Joint Press Conference with Dignitaries	21
POTUS	Hold Joint Press Conference with Dignitaries	24
POTUS	Hold Joint Press Conference with Dignitaries	26
POTUS	Hold Joint Press Conference with Dignitaries	27
POTUS	Hold Joint Press Conference with Dignitaries	42
POTUS	Hold Joint Press Conference with Dignitaries	46
POTUS	Hold Joint Press Conference with Dignitaries	47
POTUS	Hold Joint Press Conference with Dignitaries	48
POTUS	Hold Joint Press Conference with Dignitaries	49
POTUS	Hold Joint Press Conference with Dignitaries	50
POTUS	Hold Joint Press Conference with Dignitaries	53
POTUS	Hold Joint Press Conference with Dignitaries	58
POTUS	Hold Joint Press Conference with Dignitaries	59
POTUS	Hold Joint Press Conference with Dignitaries	81
POTUS	Hold Joint Press Conference with Dignitaries	82
POTUS	Hold Joint Press Conference with Dignitaries	83
POTUS	Hold Joint Press Conference with Dignitaries	84
POTUS	Hold Joint Press Conference with Dignitaries	85
POTUS	Hold Joint Press Conference with Dignitaries	88
POTUS	Hold Joint Press Conference with Dignitaries	93
POTUS	Hold Joint Press Conference with Dignitaries	104
POTUS	Hold Joint Press Conference with Dignitaries	114
POTUS	Hold Joint Press Conference with Dignitaries	123
POTUS	Hold Joint Press Conference with Dignitaries	124
POTUS	Hold meet and greet with local public on location	126
POTUS	Hold meet and greet with local public on location	127
POTUS	Hold meet and greet with local public on location	128
POTUS	Hold meet and greet with local public on location	130
POTUS	Hold meet and greet with local public on location	134
POTUS	Hold meet and greet with local public on location	135
POTUS	Hold meet and greet with local public on location	136
POTUS	Hold meet and greet with local public on location	137
POTUS	Hold meet and greet with local public on location	139
POTUS	Hold meet and greet with local public on location	140
POTUS	Hold meet and greet with local public on location	144
POTUS	Hold meet and greet with local public on location	150
POTUS	Hold meet and greet with local public on location	157
POTUS	Hold meet and greet with local public on location	6
POTUS	Hold meet and greet with local public on location	12
POTUS	Hold meet and greet with local public on location	13
POTUS	Hold meet and greet with local public on location	15
POTUS	Hold meet and greet with local public on location	16
POTUS	Hold meet and greet with local public on location	21
POTUS	Hold meet and greet with local public on location	25
POTUS	Hold meet and greet with local public on location	26
POTUS	Hold meet and greet with local public on location	27
POTUS	Hold meet and greet with local public on location	28
POTUS	Hold meet and greet with local public on location	29
POTUS	Hold meet and greet with local public on location	42
POTUS	Hold meet and greet with local public on location	46
POTUS	Hold meet and greet with local public on location	49
POTUS	Hold meet and greet with local public on location	50
POTUS	Hold meet and greet with local public on location	52
POTUS	Hold meet and greet with local public on location	53
POTUS	Hold meet and greet with local public on location	56
POTUS	Hold meet and greet with local public on location	57
POTUS	Hold meet and greet with local public on location	58
POTUS	Hold meet and greet with local public on location	59
POTUS	Hold meet and greet with local public on location	78
POTUS	Hold meet and greet with local public on location	81
POTUS	Hold meet and greet with local public on location	84
POTUS	Hold meet and greet with local public on location	85
POTUS	Hold meet and greet with local public on location	93
POTUS	Hold meet and greet with local public on location	96
POTUS	Hold meet and greet with local public on location	101
POTUS	Hold meet and greet with local public on location	104
POTUS	Hold meet and greet with local public on location	106
POTUS	Hold meet and greet with local public on location	107
POTUS	Hold meet and greet with local public on location	110
POTUS	Hold meet and greet with local public on location	114
POTUS	Hold meet and greet with local public on location	115
POTUS	Hold meet and greet with local public on location	117
POTUS	Hold meet and greet with local public on location	123
POTUS	Hold meet and greet with local public on location	124
POTUS	Hold meet and greet with local public on location	125
POTUS	Meet with Congressional Leaders	127
POTUS	Meet with Congressional Leaders	136
POTUS	Meet with Congressional Leaders	137
POTUS	Meet with Congressional Leaders	138
POTUS	Meet with Congressional Leaders	140
POTUS	Meet with Congressional Leaders	141
POTUS	Meet with Congressional Leaders	144
POTUS	Meet with Congressional Leaders	149
POTUS	Meet with Congressional Leaders	150
POTUS	Meet with Congressional Leaders	153
POTUS	Meet with Congressional Leaders	154
POTUS	Meet with Congressional Leaders	156
POTUS	Meet with Congressional Leaders	6
POTUS	Meet with Congressional Leaders	10
POTUS	Meet with Congressional Leaders	12
POTUS	Meet with Congressional Leaders	13
POTUS	Meet with Congressional Leaders	15
POTUS	Meet with Congressional Leaders	16
POTUS	Meet with Congressional Leaders	20
POTUS	Meet with Congressional Leaders	21
POTUS	Meet with Congressional Leaders	23
POTUS	Meet with Congressional Leaders	24
POTUS	Meet with Congressional Leaders	25
POTUS	Meet with Congressional Leaders	26
POTUS	Meet with Congressional Leaders	27
POTUS	Meet with Congressional Leaders	41
POTUS	Meet with Congressional Leaders	48
POTUS	Meet with Congressional Leaders	49
POTUS	Meet with Congressional Leaders	50
POTUS	Meet with Congressional Leaders	53
POTUS	Meet with Congressional Leaders	58
POTUS	Meet with Congressional Leaders	59
POTUS	Meet with Congressional Leaders	96
POTUS	Meet with Congressional Leaders	101
POTUS	Meet with Congressional Leaders	104
POTUS	Meet with Congressional Leaders	114
POTUS	Meet with Congressional Leaders	115
POTUS	Meet with Congressional Leaders	123
POTUS	Meet with Congressional Leaders	124
POTUS	Meet with honorees	135
POTUS	Meet with honorees	138
POTUS	Meet with honorees	139
POTUS	Meet with honorees	144
POTUS	Meet with honorees	150
POTUS	Meet with honorees	6
POTUS	Meet with honorees	10
POTUS	Meet with honorees	21
POTUS	Meet with honorees	26
POTUS	Meet with honorees	41
POTUS	Meet with honorees	48
POTUS	Meet with honorees	50
POTUS	Meet with honorees	58
POTUS	Meet with honorees	59
POTUS	Meet with honorees	81
POTUS	Meet with honorees	83
POTUS	Meet with honorees	84
POTUS	Meet with honorees	85
POTUS	Meet with honorees	93
POTUS	Meet with honorees	94
POTUS	Meet with honorees	96
POTUS	Meet with honorees	97
POTUS	Meet with honorees	101
POTUS	Meet with honorees	106
POTUS	Meet with honorees	110
POTUS	Meet with honorees	114
POTUS	Meet with honorees	115
POTUS	Meet with honorees	123
POTUS	Meet with Key Staff Members on Key Issues and Decisions	127
POTUS	Meet with Key Staff Members on Key Issues and Decisions	136
POTUS	Meet with Key Staff Members on Key Issues and Decisions	138
POTUS	Meet with Key Staff Members on Key Issues and Decisions	148
POTUS	Meet with Key Staff Members on Key Issues and Decisions	149
POTUS	Meet with Key Staff Members on Key Issues and Decisions	150
POTUS	Meet with Key Staff Members on Key Issues and Decisions	151
POTUS	Meet with Key Staff Members on Key Issues and Decisions	152
POTUS	Meet with Key Staff Members on Key Issues and Decisions	153
POTUS	Meet with Key Staff Members on Key Issues and Decisions	154
POTUS	Meet with Key Staff Members on Key Issues and Decisions	156
POTUS	Meet with Key Staff Members on Key Issues and Decisions	157
POTUS	Meet with Key Staff Members on Key Issues and Decisions	6
POTUS	Meet with Key Staff Members on Key Issues and Decisions	12
POTUS	Meet with Key Staff Members on Key Issues and Decisions	13
POTUS	Meet with Key Staff Members on Key Issues and Decisions	16
POTUS	Meet with Key Staff Members on Key Issues and Decisions	25
POTUS	Meet with Key Staff Members on Key Issues and Decisions	26
POTUS	Meet with Key Staff Members on Key Issues and Decisions	27
POTUS	Meet with Key Staff Members on Key Issues and Decisions	46
POTUS	Meet with Key Staff Members on Key Issues and Decisions	48
POTUS	Meet with Key Staff Members on Key Issues and Decisions	49
POTUS	Meet with Key Staff Members on Key Issues and Decisions	50
POTUS	Meet with Key Staff Members on Key Issues and Decisions	53
POTUS	Meet with Key Staff Members on Key Issues and Decisions	58
POTUS	Meet with Key Staff Members on Key Issues and Decisions	59
POTUS	Meet with Key Staff Members on Key Issues and Decisions	96
POTUS	Meet with Key Staff Members on Key Issues and Decisions	101
POTUS	Meet with Key Staff Members on Key Issues and Decisions	104
POTUS	Meet with Key Staff Members on Key Issues and Decisions	114
POTUS	Meet with Key Staff Members on Key Issues and Decisions	115
POTUS	Meet with Key Staff Members on Key Issues and Decisions	120
POTUS	Meet with Key Staff Members on Key Issues and Decisions	124
POTUS	Participate in Conference Call with Public Advocates and Leaders	127
POTUS	Participate in Conference Call with Public Advocates and Leaders	135
POTUS	Participate in Conference Call with Public Advocates and Leaders	137
POTUS	Participate in Conference Call with Public Advocates and Leaders	138
POTUS	Participate in Conference Call with Public Advocates and Leaders	141
POTUS	Participate in Conference Call with Public Advocates and Leaders	144
POTUS	Participate in Conference Call with Public Advocates and Leaders	146
POTUS	Participate in Conference Call with Public Advocates and Leaders	149
POTUS	Participate in Conference Call with Public Advocates and Leaders	150
POTUS	Participate in Conference Call with Public Advocates and Leaders	151
POTUS	Participate in Conference Call with Public Advocates and Leaders	152
POTUS	Participate in Conference Call with Public Advocates and Leaders	153
POTUS	Participate in Conference Call with Public Advocates and Leaders	156
POTUS	Participate in Conference Call with Public Advocates and Leaders	6
POTUS	Participate in Conference Call with Public Advocates and Leaders	10
POTUS	Participate in Conference Call with Public Advocates and Leaders	12
POTUS	Participate in Conference Call with Public Advocates and Leaders	13
POTUS	Participate in Conference Call with Public Advocates and Leaders	15
POTUS	Participate in Conference Call with Public Advocates and Leaders	16
POTUS	Participate in Conference Call with Public Advocates and Leaders	20
POTUS	Participate in Conference Call with Public Advocates and Leaders	21
POTUS	Participate in Conference Call with Public Advocates and Leaders	23
POTUS	Participate in Conference Call with Public Advocates and Leaders	24
POTUS	Participate in Conference Call with Public Advocates and Leaders	25
POTUS	Participate in Conference Call with Public Advocates and Leaders	26
POTUS	Participate in Conference Call with Public Advocates and Leaders	27
POTUS	Participate in Conference Call with Public Advocates and Leaders	41
POTUS	Participate in Conference Call with Public Advocates and Leaders	46
POTUS	Participate in Conference Call with Public Advocates and Leaders	48
POTUS	Participate in Conference Call with Public Advocates and Leaders	49
POTUS	Participate in Conference Call with Public Advocates and Leaders	50
POTUS	Participate in Conference Call with Public Advocates and Leaders	53
POTUS	Participate in Conference Call with Public Advocates and Leaders	58
POTUS	Participate in Conference Call with Public Advocates and Leaders	59
POTUS	Participate in Conference Call with Public Advocates and Leaders	82
POTUS	Participate in Conference Call with Public Advocates and Leaders	84
POTUS	Participate in Conference Call with Public Advocates and Leaders	85
POTUS	Participate in Party Roundtable	127
POTUS	Participate in Party Roundtable	135
POTUS	Participate in Party Roundtable	136
POTUS	Participate in Party Roundtable	137
POTUS	Participate in Party Roundtable	138
POTUS	Participate in Party Roundtable	139
POTUS	Participate in Party Roundtable	140
POTUS	Participate in Party Roundtable	141
POTUS	Participate in Party Roundtable	144
POTUS	Participate in Party Roundtable	146
POTUS	Participate in Party Roundtable	148
POTUS	Participate in Party Roundtable	149
POTUS	Participate in Party Roundtable	150
POTUS	Participate in Party Roundtable	151
POTUS	Participate in Party Roundtable	152
POTUS	Participate in Party Roundtable	153
POTUS	Participate in Party Roundtable	156
POTUS	Participate in Party Roundtable	6
POTUS	Participate in Party Roundtable	10
POTUS	Participate in Party Roundtable	12
POTUS	Participate in Party Roundtable	13
POTUS	Participate in Party Roundtable	15
POTUS	Participate in Party Roundtable	16
POTUS	Participate in Party Roundtable	20
POTUS	Participate in Party Roundtable	21
POTUS	Participate in Party Roundtable	23
POTUS	Participate in Party Roundtable	24
POTUS	Participate in Party Roundtable	25
POTUS	Participate in Party Roundtable	26
POTUS	Participate in Party Roundtable	27
POTUS	Participate in Party Roundtable	41
POTUS	Participate in Party Roundtable	42
POTUS	Participate in Party Roundtable	43
POTUS	Participate in Party Roundtable	45
POTUS	Participate in Party Roundtable	46
POTUS	Participate in Party Roundtable	47
POTUS	Participate in Party Roundtable	48
POTUS	Participate in Party Roundtable	49
POTUS	Participate in Party Roundtable	50
POTUS	Participate in Party Roundtable	53
POTUS	Participate in Party Roundtable	58
POTUS	Participate in Party Roundtable	59
POTUS	Participate in Party Roundtable	96
POTUS	Participate in Party Roundtable	97
POTUS	Participate in Party Roundtable	101
POTUS	Participate in Party Roundtable	114
POTUS	Participate in Party Roundtable	115
POTUS	Participate in Party Roundtable	123
POTUS	Participate in Party Roundtable	124
POTUS	Participate in Roundtable Discussion with Business Leaders	127
POTUS	Participate in Roundtable Discussion with Business Leaders	135
POTUS	Participate in Roundtable Discussion with Business Leaders	137
POTUS	Participate in Roundtable Discussion with Business Leaders	138
POTUS	Participate in Roundtable Discussion with Business Leaders	141
POTUS	Participate in Roundtable Discussion with Business Leaders	143
POTUS	Participate in Roundtable Discussion with Business Leaders	144
POTUS	Participate in Roundtable Discussion with Business Leaders	146
POTUS	Participate in Roundtable Discussion with Business Leaders	149
POTUS	Participate in Roundtable Discussion with Business Leaders	150
POTUS	Participate in Roundtable Discussion with Business Leaders	151
POTUS	Participate in Roundtable Discussion with Business Leaders	152
POTUS	Participate in Roundtable Discussion with Business Leaders	153
POTUS	Participate in Roundtable Discussion with Business Leaders	156
POTUS	Participate in Roundtable Discussion with Business Leaders	6
POTUS	Participate in Roundtable Discussion with Business Leaders	10
POTUS	Participate in Roundtable Discussion with Business Leaders	12
POTUS	Participate in Roundtable Discussion with Business Leaders	13
POTUS	Participate in Roundtable Discussion with Business Leaders	15
POTUS	Participate in Roundtable Discussion with Business Leaders	16
POTUS	Participate in Roundtable Discussion with Business Leaders	20
POTUS	Participate in Roundtable Discussion with Business Leaders	21
POTUS	Participate in Roundtable Discussion with Business Leaders	23
POTUS	Participate in Roundtable Discussion with Business Leaders	24
POTUS	Participate in Roundtable Discussion with Business Leaders	25
POTUS	Participate in Roundtable Discussion with Business Leaders	26
POTUS	Participate in Roundtable Discussion with Business Leaders	27
POTUS	Participate in Roundtable Discussion with Business Leaders	41
POTUS	Participate in Roundtable Discussion with Business Leaders	46
POTUS	Participate in Roundtable Discussion with Business Leaders	48
POTUS	Participate in Roundtable Discussion with Business Leaders	49
POTUS	Participate in Roundtable Discussion with Business Leaders	50
POTUS	Participate in Roundtable Discussion with Business Leaders	51
POTUS	Participate in Roundtable Discussion with Business Leaders	53
POTUS	Participate in Roundtable Discussion with Business Leaders	58
POTUS	Participate in Roundtable Discussion with Business Leaders	59
POTUS	Participate in Roundtable Discussion with Business Leaders	84
POTUS	Participate in Roundtable Discussion with Business Leaders	98
POTUS	Participate in Roundtable Discussion with Business Leaders	101
POTUS	Participate in Roundtable Discussion with Business Leaders	103
POTUS	Participate in Roundtable Discussion with Business Leaders	114
POTUS	Participate in Roundtable Discussion with Business Leaders	123
POTUS	Participate in Televised Town Hall Conversation	127
POTUS	Participate in Televised Town Hall Conversation	135
POTUS	Participate in Televised Town Hall Conversation	136
POTUS	Participate in Televised Town Hall Conversation	137
POTUS	Participate in Televised Town Hall Conversation	138
POTUS	Participate in Televised Town Hall Conversation	139
POTUS	Participate in Televised Town Hall Conversation	141
POTUS	Participate in Televised Town Hall Conversation	146
POTUS	Participate in Televised Town Hall Conversation	149
POTUS	Participate in Televised Town Hall Conversation	150
POTUS	Participate in Televised Town Hall Conversation	151
POTUS	Participate in Televised Town Hall Conversation	153
POTUS	Participate in Televised Town Hall Conversation	156
POTUS	Participate in Televised Town Hall Conversation	6
POTUS	Participate in Televised Town Hall Conversation	10
POTUS	Participate in Televised Town Hall Conversation	12
POTUS	Participate in Televised Town Hall Conversation	13
POTUS	Participate in Televised Town Hall Conversation	15
POTUS	Participate in Televised Town Hall Conversation	16
POTUS	Participate in Televised Town Hall Conversation	20
POTUS	Participate in Televised Town Hall Conversation	21
POTUS	Participate in Televised Town Hall Conversation	24
POTUS	Participate in Televised Town Hall Conversation	25
POTUS	Participate in Televised Town Hall Conversation	26
POTUS	Participate in Televised Town Hall Conversation	27
POTUS	Participate in Televised Town Hall Conversation	41
POTUS	Participate in Televised Town Hall Conversation	42
POTUS	Participate in Televised Town Hall Conversation	46
POTUS	Participate in Televised Town Hall Conversation	47
POTUS	Participate in Televised Town Hall Conversation	48
POTUS	Participate in Televised Town Hall Conversation	49
POTUS	Participate in Televised Town Hall Conversation	50
POTUS	Participate in Televised Town Hall Conversation	51
POTUS	Participate in Televised Town Hall Conversation	53
POTUS	Participate in Televised Town Hall Conversation	56
POTUS	Participate in Televised Town Hall Conversation	58
POTUS	Participate in Televised Town Hall Conversation	59
POTUS	Participate in Televised Town Hall Conversation	75
POTUS	Participate in Televised Town Hall Conversation	81
POTUS	Participate in Televised Town Hall Conversation	84
POTUS	Participate in Televised Town Hall Conversation	85
POTUS	Participate in Televised Town Hall Conversation	93
POTUS	Participate in Televised Town Hall Conversation	96
POTUS	Participate in Televised Town Hall Conversation	97
POTUS	Participate in Televised Town Hall Conversation	101
POTUS	Participate in Televised Town Hall Conversation	114
POTUS	Participate in Televised Town Hall Conversation	115
POTUS	Participate in Televised Town Hall Conversation	123
POTUS	Participate in Televised Town Hall Conversation	124
POTUS	Receive the Presidential Daily Briefing	127
POTUS	Receive the Presidential Daily Briefing	128
POTUS	Receive the Presidential Daily Briefing	130
POTUS	Receive the Presidential Daily Briefing	136
POTUS	Receive the Presidential Daily Briefing	148
POTUS	Receive the Presidential Daily Briefing	149
POTUS	Receive the Presidential Daily Briefing	150
POTUS	Receive the Presidential Daily Briefing	151
POTUS	Receive the Presidential Daily Briefing	152
POTUS	Receive the Presidential Daily Briefing	153
POTUS	Receive the Presidential Daily Briefing	154
POTUS	Receive the Presidential Daily Briefing	156
POTUS	Receive the Presidential Daily Briefing	6
POTUS	Receive the Presidential Daily Briefing	12
POTUS	Receive the Presidential Daily Briefing	13
POTUS	Receive the Presidential Daily Briefing	16
POTUS	Receive the Presidential Daily Briefing	25
POTUS	Receive the Presidential Daily Briefing	26
POTUS	Receive the Presidential Daily Briefing	27
POTUS	Receive the Presidential Daily Briefing	43
POTUS	Receive the Presidential Daily Briefing	46
POTUS	Receive the Presidential Daily Briefing	47
POTUS	Receive the Presidential Daily Briefing	48
POTUS	Receive the Presidential Daily Briefing	49
POTUS	Receive the Presidential Daily Briefing	50
POTUS	Receive the Presidential Daily Briefing	51
POTUS	Receive the Presidential Daily Briefing	53
POTUS	Receive the Presidential Daily Briefing	58
POTUS	Receive the Presidential Daily Briefing	96
POTUS	Receive the Presidential Daily Briefing	101
POTUS	Receive the Presidential Daily Briefing	104
POTUS	Receive the Presidential Daily Briefing	114
POTUS	Receive the Presidential Daily Briefing	115
POTUS	Receive the Presidential Daily Briefing	120
POTUS	Receive the Presidential Daily Briefing	124
POTUS	Review daily schedule	130
POTUS	Review daily schedule	136
POTUS	Review daily schedule	154
POTUS	Review daily schedule	155
POTUS	Review daily schedule	6
POTUS	Review daily schedule	12
POTUS	Review daily schedule	20
POTUS	Review daily schedule	49
POTUS	Take Official Photos with State Dignitaries	139
POTUS	Take Official Photos with State Dignitaries	15
POTUS	Take Official Photos with State Dignitaries	21
POTUS	Take Official Photos with State Dignitaries	26
POTUS	Take Official Photos with State Dignitaries	27
POTUS	Take Official Photos with State Dignitaries	41
POTUS	Take Official Photos with State Dignitaries	56
POTUS	Take Official Photos with State Dignitaries	75
POTUS	Take Official Photos with State Dignitaries	88
POTUS	Visit and tour project sites	126
POTUS	Visit and tour project sites	127
POTUS	Visit and tour project sites	128
POTUS	Visit and tour project sites	129
POTUS	Visit and tour project sites	130
POTUS	Visit and tour project sites	131
POTUS	Visit and tour project sites	134
POTUS	Visit and tour project sites	135
POTUS	Visit and tour project sites	137
POTUS	Visit and tour project sites	139
POTUS	Visit and tour project sites	140
POTUS	Visit and tour project sites	143
POTUS	Visit and tour project sites	144
POTUS	Visit and tour project sites	145
POTUS	Visit and tour project sites	149
POTUS	Visit and tour project sites	150
POTUS	Visit and tour project sites	153
POTUS	Visit and tour project sites	6
POTUS	Visit and tour project sites	10
POTUS	Visit and tour project sites	12
POTUS	Visit and tour project sites	13
POTUS	Visit and tour project sites	15
POTUS	Visit and tour project sites	21
POTUS	Visit and tour project sites	25
POTUS	Visit and tour project sites	26
POTUS	Visit and tour project sites	27
POTUS	Visit and tour project sites	28
POTUS	Visit and tour project sites	29
POTUS	Visit and tour project sites	41
POTUS	Visit and tour project sites	42
POTUS	Visit and tour project sites	46
POTUS	Visit and tour project sites	49
POTUS	Visit and tour project sites	50
POTUS	Visit and tour project sites	57
POTUS	Visit and tour project sites	58
POTUS	Visit and tour project sites	85
POTUS	Visit and tour project sites	93
POTUS	Visit and tour project sites	114
POTUS	Visit and tour project sites	115
POTUS	Visit and tour project sites	101
POTUS	Welcome State Dignitaries	134
POTUS	Welcome State Dignitaries	135
POTUS	Welcome State Dignitaries	137
POTUS	Welcome State Dignitaries	138
POTUS	Welcome State Dignitaries	146
POTUS	Welcome State Dignitaries	150
POTUS	Welcome State Dignitaries	6
POTUS	Welcome State Dignitaries	10
POTUS	Welcome State Dignitaries	12
POTUS	Welcome State Dignitaries	15
POTUS	Welcome State Dignitaries	20
POTUS	Welcome State Dignitaries	21
POTUS	Welcome State Dignitaries	25
POTUS	Welcome State Dignitaries	26
POTUS	Welcome State Dignitaries	27
POTUS	Welcome State Dignitaries	41
POTUS	Welcome State Dignitaries	42
POTUS	Welcome State Dignitaries	50
POTUS	Welcome State Dignitaries	53
POTUS	Welcome State Dignitaries	58
POTUS	Welcome State Dignitaries	59
POTUS	Welcome State Dignitaries	84
POTUS	Welcome State Dignitaries	85
POTUS	Welcome State Dignitaries	95
POTUS	Welcome State Dignitaries	96
POTUS	Welcome State Dignitaries	97
POTUS	Welcome State Dignitaries	101
POTUS	Welcome State Dignitaries	114
POTUS	Welcome State Dignitaries	115
POTUS	Welcome State Dignitaries	123
POTUS	Welcome State Dignitaries	124